Date,Name,Year,Letterboxd URI,Rating,Rewatch,Tags,Watched Date
2016-10-27,Frog and Toad Are Friends,1985,https://boxd.it/bQlNV,3,,,2001-11-26
2016-09-12,Harry Potter and the Prisoner of Azkaban,2004,https://boxd.it/beCzP,5,,,2004-07-03
2016-09-11,Son of the Mask,2005,https://boxd.it/bdFph,,,,2005-11-05
2016-09-11,Epic Movie,2007,https://boxd.it/bdFlp,1.5,,,2007-11-11
2016-09-25,Speed Racer,2008,https://boxd.it/bpi6v,2,,,2008-08-24
2016-09-11,Disaster Movie,2008,https://boxd.it/bdFib,1,,,2008-09-14
2016-09-12,iCarly: iGo to Japan,2008,https://boxd.it/beCtx,2,,,2008-11-10
2016-08-20,Inception,2010,https://boxd.it/aUpgZ,5,,,2010-07-16
2016-08-13,2001: A Space Odyssey,1968,https://boxd.it/aPLh1,5,,stanley kubrick,2010-11-13
2016-08-20,Eternal Sunshine of the Spotless Mind,2004,https://boxd.it/aUIc3,5,,,2011-02-19
2016-09-03,I Am Number Four,2011,https://boxd.it/b6BEX,0.5,,,2011-02-25
2016-08-20,Metropolis,1927,https://boxd.it/aUIKf,5,,,2011-03-27
2016-09-21,It's Such a Beautiful Day,2012,https://boxd.it/blVmz,5,,,2012-02-21
2016-09-11,Pina,2011,https://boxd.it/bdAnZ,3.5,,,2012-03-18
2016-08-23,Rock of Ages,2012,https://boxd.it/aXLXd,3.5,,,2012-06-25
2016-09-03,Cloud Atlas,2012,https://boxd.it/b6Djd,4.5,,"better than you think, wachowski",2012-10-27
2016-08-20,Taxi Driver,1976,https://boxd.it/aUps7,5,,,2013-03-24
2016-08-31,Solaris,1972,https://boxd.it/b4sVB,4,,tarkovsky,2013-08-17
2016-08-20,Frances Ha,2012,https://boxd.it/aUJDz,3.5,,,2013-08-19
2016-08-24,The Ultimate Gift,2006,https://boxd.it/aYbuV,1.5,,,2014-02-25
2016-08-23,Under the Skin,2013,https://boxd.it/aXKtr,3,,,2014-10-24
2016-08-23,Jurassic World,2015,https://boxd.it/aXCcd,3.5,,,2015-06-26
2016-09-03,Fantastic Four,2015,https://boxd.it/b6Ccl,0.5,,,2015-08-22
2016-09-11,Star Wars,1977,https://boxd.it/bdG5H,5,,,2015-10-16
2016-09-06,The Empire Strikes Back,1980,https://boxd.it/b9PpN,4,,,2015-11-06
2016-08-19,A Clockwork Orange,1971,https://boxd.it/aU85l,5,,,2016-07-29
2016-08-15,Dogtooth,2009,https://boxd.it/aRei5,4,Yes,,2016-08-14
2016-08-15,Captain America,1990,https://boxd.it/aRi97,1,,,2016-08-14
2016-08-20,Beyond the Valley of the Dolls,1970,https://boxd.it/aUKqB,3,,,2016-08-19
2016-08-23,Suicide Squad,2016,https://boxd.it/aXktl,2.5,,,2016-08-22
2016-08-23,Poltergeist,2015,https://boxd.it/aXyrN,1.5,,,2016-08-22
2016-08-23,The Matrix,1999,https://boxd.it/aXEtl,4.5,Yes,,2016-08-22
2016-08-25,Sharknado 4: The 4th Awakens,2016,https://boxd.it/aZ45V,1,,,2016-08-24
2016-08-25,Hell or High Water,2016,https://boxd.it/aZ5lF,3.5,,,2016-08-24
2016-08-25,Me and Earl and the Dying Girl,2015,https://boxd.it/aZ5OR,2,,,2016-08-24
2016-08-27,Don't Breathe,2016,https://boxd.it/b0MQt,3.5,,,2016-08-26
2016-08-29,Vampire's Kiss,1988,https://boxd.it/b2LBB,3.5,,,2016-08-29
2016-08-29,The Elephant Man,1980,https://boxd.it/b2Qbt,5,,,2016-08-29
2016-09-06,Disco Godfather,1979,https://boxd.it/b9Pat,2,,,2016-09-06
2016-09-11,The Death and Return of Superman,2011,https://boxd.it/bdtk5,3,,,2016-09-10
2016-09-11,Foodfight!,2012,https://boxd.it/bdF2H,0.5,,,2016-09-10
2016-09-12,The Empire Strikes Back,1980,https://boxd.it/beSX9,4.5,Yes,,2016-09-11
2016-09-18,2001: A Space Odyssey,1968,https://boxd.it/bjD9t,5,Yes,"70mm, stanley kubrick, cinerama",2016-09-17
2016-09-19,2001: A Space Odyssey,1968,https://boxd.it/bkbLB,5,Yes,stanley kubrick,2016-09-18
2016-09-19,Apocalypse Now,1979,https://boxd.it/bkxWr,5,,"70mm, cinerama",2016-09-18
2016-09-23,2001: A Space Odyssey,1968,https://boxd.it/bnt3X,5,Yes,,2016-09-22
2016-09-24,The Magnificent Seven,2016,https://boxd.it/bojCZ,2.5,,,2016-09-24
2016-09-26,2001: A Space Odyssey,1968,https://boxd.it/bqo7B,5,Yes,"stanley kubrick, masterpiece",2016-09-25
2016-10-04,Portal: No Escape,2011,https://boxd.it/bwY4v,3,,,2016-10-03
2016-10-05,The BFG,2016,https://boxd.it/bxfaP,3,,"steven spielberg, theatre",2016-10-04
2016-10-05,Kung Fury,2015,https://boxd.it/bxzJb,1.5,,,2016-10-04
2016-10-06,The Wicker Man,1973,https://boxd.it/byx0Z,4.5,Yes,"35mm, theatre",2016-10-05
2016-10-10,The Shining,1980,https://boxd.it/bCc2X,5,Yes,"stanley kubrick, 35mm, theatre",2016-10-09
2016-10-12,2001: A Space Odyssey,1968,https://boxd.it/bDH5Z,5,Yes,stanley kubrick,2016-10-11
2016-10-14,Harry Potter and the Prisoner of Azkaban,2004,https://boxd.it/bFjJv,5,Yes,,2016-10-13
2016-10-16,Zombeavers,2014,https://boxd.it/bH6Hl,0.5,,,2016-10-15
2016-10-20,Taxi Driver,1976,https://boxd.it/bKLpj,5,Yes,martin scorsese,2016-10-19
2016-10-21,The Fly,1986,https://boxd.it/bLvLb,3,Yes,,2016-10-20
2016-10-24,Super 8,2011,https://boxd.it/bNKjv,4,Yes,,2016-10-23
2016-10-27,Psycho,1960,https://boxd.it/bQyl1,5,Yes,alfred hitchcock,2016-10-26
2016-10-30,Poltergeist,1982,https://boxd.it/bT1hB,4,Yes,,2016-10-29
2016-10-31,The Cat Concerto,1947,https://boxd.it/bTv9d,5,Yes,,2016-10-30
2016-11-03,Interstellar,2014,https://boxd.it/bWT19,4.5,Yes,,2016-11-02
2016-11-05,WALL·E,2008,https://boxd.it/bYsq1,5,Yes,,2016-11-05
2016-11-07,Easy Rider,1969,https://boxd.it/c0vuf,4.5,,,2016-11-06
2016-11-11,Arrival,2016,https://boxd.it/c3i4f,5,,,2016-11-10
2016-11-14,2001: A Space Odyssey,1968,https://boxd.it/c5I61,5,Yes,stanley kubrick,2016-11-13
2016-11-15,Scarface,1983,https://boxd.it/c70op,4.5,,,2016-11-14
2016-11-21,Eraserhead,1977,https://boxd.it/cc9yN,5,Yes,david lynch,2016-11-20
2016-11-26,2012,2009,https://boxd.it/cg85D,3,Yes,,2016-11-25
2016-11-26,A.I. Artificial Intelligence,2001,https://boxd.it/cgrx7,5,Yes,,2016-11-26
2016-11-27,This Is It,2009,https://boxd.it/chrqR,3.5,Yes,,2016-11-26
2016-12-06,Mulholland Drive,2001,https://boxd.it/cpwl9,5,Yes,"david lynch, cinerama",2016-12-05
2016-12-07,It's Such a Beautiful Day,2012,https://boxd.it/cqoJz,5,Yes,,2016-12-07
2016-12-11,A Clockwork Orange,1971,https://boxd.it/ctPS5,5,Yes,stanley kubrick,2016-12-10
2016-12-16,Wild at Heart,1990,https://boxd.it/cyQVJ,2.5,,"david lynch, harry dean stanton",2016-12-15
2016-12-18,Close Encounters of the Third Kind,1977,https://boxd.it/cAsSl,5,Yes,,2016-12-17
2016-12-20,Star Wars,1977,https://boxd.it/cDmhf,5,Yes,,2016-12-20
2016-12-23,Twin Peaks: Fire Walk with Me,1992,https://boxd.it/cG1l7,2,,"harry dean stanton, david lynch",2016-12-22
2016-12-26,Blue Velvet,1986,https://boxd.it/cJk7T,4.5,Yes,david lynch,2016-12-25
2016-12-27,8½,1963,https://boxd.it/cL9Ij,5,,"masterpiece, drama, federico fellini",2016-12-27
2016-12-29,The Elephant Man,1980,https://boxd.it/cNhY9,4.5,Yes,david lynch,2016-12-28
2017-01-05,I Am Number Four,2011,https://boxd.it/cYlpf,,Yes,"trash, trash trash, trash trash trash, trash trash trash trash, trash trash trash trash trash, trash trash trash trash trash trash",2017-01-05
2017-01-13,Annie Hall,1977,https://boxd.it/d96mn,5,Yes,,2017-01-12
2017-02-02,A Serious Man,2009,https://boxd.it/dA3Qj,5,Yes,,2017-02-01
2017-02-07,God's Not Dead,2014,https://boxd.it/dI20R,1,,,2017-02-06
2017-02-08,Silence,2016,https://boxd.it/dJ9aV,5,,"better than you think, theatre, martin scorsese",2017-02-07
2017-02-21,Stop Making Sense,1984,https://boxd.it/ezMXB,5,Yes,cinerama,2017-02-20
2017-05-06,The Straight Story,1999,https://boxd.it/h0x5h,5,,"harry dean stanton, david lynch",2017-05-05
2017-05-29,Being There,1979,https://boxd.it/hw8sJ,5,Yes,,2017-05-28
2017-07-19,Amour,2012,https://boxd.it/iDZ3l,5,Yes,,2017-07-18
2017-08-26,"Synecdoche, New York",2008,https://boxd.it/jzOFz,5,Yes,,2017-08-25
2017-09-24,Vertigo,1958,https://boxd.it/kjCAJ,5,,"alfred hitchcock, masterpiece, 70mm, cinerama, jimmy stewart",2017-09-06
2017-11-25,Stalker,1979,https://boxd.it/lTLKp,5,,"tarkovsky, avant-garde, psychological, fantasy, drama",2017-10-15
2017-10-24,Lucky,2017,https://boxd.it/l4ONJ,4.5,,"harry dean stanton, david lynch, drama, charming",2017-10-22
2017-11-03,Frances Ha,2012,https://boxd.it/ll4Lh,5,Yes,better than you think,2017-11-02
2017-12-05,Mr. Krueger's Christmas,1980,https://boxd.it/mcc1H,4,,"christmas, jimmy stewart, masterpiece",2017-12-04
2017-12-18,It's Such a Beautiful Day,2012,https://boxd.it/mzEOD,5,Yes,"psychological, masterpiece, avant-garde, surreal, dark comedy",2017-12-15
2017-12-18,After Hours,1985,https://boxd.it/mzJ7f,5,Yes,"masterpiece, better than you think, martin scorsese",2017-12-17
2017-12-22,Twin Peaks: The Return,2017,https://boxd.it/mGYGt,5,,"masterpiece, david lynch, surreal, mindfuck",2017-12-21
2017-12-23,Twin Peaks: The Return,2017,https://boxd.it/mIQ59,5,Yes,"masterpiece, david lynch, meta-commentery, dark comedy, surreal, avant-garde, harry dean stanton",2017-12-23
2017-12-26,Phantom Thread,2017,https://boxd.it/mPb3P,5,,"masterpiece, 70mm, drama, meta-commentery, reality",2017-12-25
2018-01-02,Call Me by Your Name,2017,https://boxd.it/n6eDl,4.5,,,2017-12-31
2018-01-14,It's Such a Beautiful Day,2012,https://boxd.it/nCI6P,5,Yes,,2018-01-13
2018-01-15,Where the Wild Things Are,2009,https://boxd.it/nH4FF,5,Yes,"spike jonze, better than you think",2018-01-14
2018-01-17,Her,2013,https://boxd.it/nLKW7,5,Yes,"masterpiece, spike jonze, drama, psychological",2018-01-17
2018-01-27,F for Fake,1973,https://boxd.it/o7kMz,4,,"meta-commentery, reality, surreal, drama",2018-01-26
2018-01-29,10 Cloverfield Lane,2016,https://boxd.it/obyAZ,5,Yes,,2018-01-28
2018-01-30,Star Wars: The Last Jedi,2017,https://boxd.it/odw8D,3.5,,,2018-01-28
2018-02-18,Alps,2011,https://boxd.it/oTG5X,3.5,,surreal,2018-02-17
2018-02-23,Annihilation,2018,https://boxd.it/p4WJh,4,,,2018-02-22
2018-03-07,Last Year at Marienbad,1961,https://boxd.it/pwFHf,5,Yes,"masterpiece, surreal, avant-garde",2018-03-06
2018-03-09,Before Midnight,2013,https://boxd.it/pDgap,5,Yes,"richard linklater, masterpiece",2018-03-08
2018-03-09,My Dinner with Andre,1981,https://boxd.it/pDxjt,5,Yes,masterpiece,2018-03-09
2018-03-10,All That Jazz,1979,https://boxd.it/pFJV9,5,,,2018-03-09
2018-03-19,All That Jazz,1979,https://boxd.it/q2uMd,5,Yes,"meta-commentery, surreal, masterpiece, psychological",2018-03-18
2018-03-25,Back to the Future,1985,https://boxd.it/qdswz,4.5,Yes,,2018-03-24
2018-03-26,I Am Number Four,2011,https://boxd.it/qha8d,,Yes,"worst film ever made, trash, trash trash, trash trash trash",2018-03-25
2018-03-31,The Tin Drum,1979,https://boxd.it/qtGzJ,5,,"better than you think, germany",2018-03-30
2018-04-07,We Need to Talk About Kevin,2011,https://boxd.it/qKnCX,5,,masterpiece,2018-04-07
2018-04-08,A Man Escaped,1956,https://boxd.it/qMPCF,5,Yes,,2018-04-08
2018-04-10,Willy Wonka & the Chocolate Factory,1971,https://boxd.it/qRlFf,5,Yes,,2018-04-09
2018-04-11,Cinema Paradiso,1988,https://boxd.it/qTdLj,4.5,,,2018-04-11
2018-04-13,E.T. the Extra-Terrestrial,1982,https://boxd.it/qX2zJ,5,Yes,"masterpiece, better than you think",2018-04-12
2018-04-17,Last Year at Marienbad,1961,https://boxd.it/r7lDl,5,Yes,"masterpiece, avant-garde, meta-commentery, nouvelle vague",2018-04-16
2018-04-20,La Dolce Vita,1960,https://boxd.it/rcuXz,4.5,,federico fellini,2018-04-20
2018-04-28,You Were Never Really Here,2017,https://boxd.it/rtgOR,4.5,,,2018-04-27
2018-04-29,Twin Peaks: The Return,2017,https://boxd.it/rvhJ3,5,Yes,"masterpiece, david lynch, tv",2018-04-28
2018-05-04,Repulsion,1965,https://boxd.it/rH8lF,4,,roman polanski,2018-05-04
2018-05-09,The Pianist,2002,https://boxd.it/rRGEB,5,Yes,"masterpiece, roman polanski, poland",2018-05-09
2018-05-12,Come and See,1985,https://boxd.it/rWT3N,5,,masterpiece,2018-05-12
2018-05-16,Baby Driver,2017,https://boxd.it/s3WWP,5,Yes,edgar wright,2018-05-15
2018-05-17,Phantom Thread,2017,https://boxd.it/s6C0R,5,Yes,masterpiece,2018-05-16
2018-05-19,First Reformed,2017,https://boxd.it/saet9,4.5,,,2018-05-18
2018-05-21,Blindspotting,2018,https://boxd.it/sdPCD,3.5,,,2018-05-19
2018-05-21,Sansho the Bailiff,1954,https://boxd.it/sfgMd,5,,"masterpiece, japanese golden age, kenji mizoguchi, japan",2018-05-20
2018-06-06,Won't You Be My Neighbor?,2018,https://boxd.it/sNeOJ,4,,,2018-05-26
2018-05-29,The Sacrifice,1986,https://boxd.it/suraz,4.5,,tarkovsky,2018-05-27
2018-06-09,The Grand Budapest Hotel,2014,https://boxd.it/sS8rJ,4.5,Yes,,2018-06-08
2018-06-13,A Clockwork Orange,1971,https://boxd.it/t2Hlr,5,Yes,"stanley kubrick, masterpiece",2018-06-13
2018-06-16,My Dinner with Andre,1981,https://boxd.it/t7cAZ,5,Yes,masterpiece,2018-06-15
2018-06-28,Drunken Angel,1948,https://boxd.it/txcfz,3.5,,"japanese golden age, akira kurosawa, japan",2018-06-27
2018-06-28,The Life of Oharu,1952,https://boxd.it/ty1kZ,5,,"masterpiece, japanese golden age, kenji mizoguchi, japan",2018-06-28
2018-06-30,Floating Weeds,1959,https://boxd.it/tBNU3,4.5,,"yasujiro ozu, japanese golden age, japan",2018-06-30
2018-07-03,Rashomon,1950,https://boxd.it/tIjmz,5,Yes,"japanese golden age, masterpiece, akira kurosawa, japan",2018-07-02
2018-07-05,The Killing of a Sacred Deer,2017,https://boxd.it/tMtTL,5,Yes,masterpiece,2018-07-05
2018-07-07,Late Spring,1949,https://boxd.it/tQYsT,4.5,,"yasujiro ozu, japanese golden age, japan",2018-07-07
2018-07-08,Vertigo,1958,https://boxd.it/tT8Fx,5,Yes,"masterpiece, alfred hitchcock, jimmy stewart",2018-07-08
2018-07-11,Red Beard,1965,https://boxd.it/tYvef,5,,"masterpiece, japanese golden age, akira kurosawa, japan",2018-07-10
2018-07-14,Coraline,2009,https://boxd.it/u6xOv,4.5,Yes,,2018-07-14
2018-07-16,In the Mood for Love,2000,https://boxd.it/ubve1,5,,"hong kong, cantonese, shanghainese, 王家衛",2018-07-16
2018-07-20,The Tale,2018,https://boxd.it/ukGtJ,4,,,2018-07-20
2018-07-22,I Live in Fear,1955,https://boxd.it/upEEF,4,,"japanese golden age, akira kurosawa, japan",2018-07-22
2018-07-26,Eighth Grade,2018,https://boxd.it/uzo6n,4,,,2018-07-26
2018-07-27,Barry Lyndon,1975,https://boxd.it/uzOhV,4.5,,"stanley kubrick, 35mm, theatre",2018-07-26
2018-08-06,Weekend,1967,https://boxd.it/uXG27,5,,,2018-08-05
2018-08-09,Falling Down,1993,https://boxd.it/v5DJN,0.5,,,2018-08-08
2018-08-13,Do the Right Thing,1989,https://boxd.it/vfp9B,5,Yes,masterpiece,2018-08-12
2018-08-20,Inside Llewyn Davis,2013,https://boxd.it/vwwMJ,5,Yes,"masterpiece, coens",2018-08-19
2018-09-11,Last Year at Marienbad,1961,https://boxd.it/woS2r,5,Yes,masterpiece,2018-09-11
2018-09-23,Fahrenheit 11/9,2018,https://boxd.it/wOpyZ,3.5,,,2018-09-22
2018-10-01,Donnie Darko,2001,https://boxd.it/x6u0z,3.5,Yes,,2018-10-01
2018-10-18,A Serious Man,2009,https://boxd.it/xKQj9,5,Yes,masterpiece,2018-10-17
2018-11-03,Zodiac,2007,https://boxd.it/ymLsL,4.5,,david fincher,2018-11-02
2018-11-05,Suspiria,2018,https://boxd.it/yrybn,4,,,2018-11-03
2018-11-08,Barry Lyndon,1975,https://boxd.it/yy8hX,5,Yes,masterpiece,2018-11-07
2018-11-24,True Stories,1986,https://boxd.it/zbDJ7,3.5,,,2018-11-23
2018-11-29,The House That Jack Built,2018,https://boxd.it/zpSLF,4.5,,theatre,2018-11-28
2018-12-08,Roma,2018,https://boxd.it/zMmZB,4.5,,"cinerama, netflix in theatre, theatre",2018-12-07
2018-12-22,F for Fake,1973,https://boxd.it/AmpIb,4,Yes,,2018-12-21
2018-12-25,The Green Inferno,2013,https://boxd.it/AuoH3,0.5,,,2018-12-24
2018-12-28,The Favourite,2018,https://boxd.it/AGUIr,4.5,,theatre,2018-12-27
2018-12-29,Talk Radio,1988,https://boxd.it/ALguz,4.5,,better than you think,2018-12-29
2019-01-01,Shoplifters,2018,https://boxd.it/AUHOf,4.5,,"japan, hirokazu kore-eda",2018-12-30
2019-01-14,Children of Men,2006,https://boxd.it/BV1Q5,5,Yes,"masterpiece, cinerama, theatre",2019-01-12
2019-01-20,If Beale Street Could Talk,2018,https://boxd.it/Cjp35,4.5,,,2019-01-19
2019-01-24,The Congress,2013,https://boxd.it/CvKjd,4,Yes,better than you think,2019-01-23
2019-03-04,The Master,2012,https://boxd.it/EIt45,4.5,Yes,???,2019-03-03
2019-03-17,Last Year at Marienbad,1961,https://boxd.it/FnNYf,5,Yes,"masterpiece, kanopy, france, alain resnais",2019-03-17
2019-04-04,Call Me by Your Name,2017,https://boxd.it/Ggo5J,5,Yes,masterpiece,2019-04-03
2019-04-14,A.I. Artificial Intelligence,2001,https://boxd.it/GJrYZ,5,Yes,"masterpiece, better than you think",2019-04-13
2019-04-16,The Great Dictator,1940,https://boxd.it/GPKYr,5,Yes,"masterpiece, criterion channel",2019-04-15
2019-04-26,Under the Silver Lake,2018,https://boxd.it/Hjomv,4.5,,,2019-04-25
2019-05-08,Dr. Strangelove or: How I Learned to Stop Worrying and Love the Bomb,1964,https://boxd.it/HSsRx,5,Yes,masterpiece,2019-05-07
2019-05-17,Under the Silver Lake,2018,https://boxd.it/Iib41,4.5,Yes,better than you think,2019-05-16
2019-05-20,Alice,1988,https://boxd.it/IspVt,3,,???,2019-05-19
2019-05-25,2046,2004,https://boxd.it/IEpxP,4,,"???, hong kong, cantonese, mandarin, 王家衛",2019-05-24
2019-06-10,"Synecdoche, New York",2008,https://boxd.it/JtmJb,5,Yes,masterpiece,2019-06-08
2019-06-18,The Life Aquatic with Steve Zissou,2004,https://boxd.it/JS6R9,3.5,Yes,"???, better than you think",2019-06-17
2019-06-24,Network,1976,https://boxd.it/Kb08F,5,Yes,masterpiece,2019-06-24
2019-07-06,My Fair Lady,1964,https://boxd.it/KLnoj,4,,better than you think,2019-07-06
2019-07-24,Two for the Road,1967,https://boxd.it/LHqTZ,4.5,,,2019-07-24
2019-07-29,L'Atalante,1934,https://boxd.it/LXH2b,4.5,Yes,"austin film society, criterion channel, theatre",2019-07-28
2019-08-04,Inception,2010,https://boxd.it/Mfugv,5,Yes,"masterpiece, cinerama, theatre",2019-08-03
2019-09-03,Before Sunset,2004,https://boxd.it/NPXnL,5,Yes,"masterpiece, richard linklater",2019-09-02
2019-09-22,Spirited Away,2001,https://boxd.it/OP7Kx,5,Yes,"masterpiece, anime, japan, hayao miyazaki",2019-09-21
2019-10-26,Parasite,2019,https://boxd.it/QNFuR,5,,"masterpiece, alamo drafthouse, theatre",2019-10-26
2021-02-01,Cure,1997,https://boxd.it/1D0Gj9,3.5,,"japan, kiyoshi kurosawa",2019-11-28
2019-12-08,Marriage Story,2019,https://boxd.it/TrtZr,5,,masterpiece,2019-12-07
2020-01-20,Long Day's Journey Into Night,2018,https://boxd.it/XbzED,4,,"criterion channel, china, mandarin",2020-01-16
2020-01-19,Mishima: A Life in Four Chapters,1985,https://boxd.it/X4QF5,4.5,Yes,"masterpiece, criterion channel",2020-01-19
2020-01-27,Chungking Express,1994,https://boxd.it/XOiap,4.5,Yes,"hong kong, criterion channel, cantonese, mandarin, 王家衛",2020-01-27
2020-01-30,The Master,2012,https://boxd.it/Y2oqr,4.5,Yes,"alamo drafthouse, 70mm, theatre",2020-01-29
2020-02-03,On the Beach at Night Alone,2017,https://boxd.it/YpuyR,3.5,,criterion channel,2020-02-03
2020-02-07,Motherless Brooklyn,2019,https://boxd.it/YINFv,3.5,,,2020-02-07
2020-02-22,World of Tomorrow,2015,https://boxd.it/104yHp,5,Yes,austin film society,2020-02-21
2020-02-25,In This Corner of the World,2016,https://boxd.it/10lXGP,4,,"anime, japan",2020-02-25
2020-03-05,Portrait of a Lady on Fire,2019,https://boxd.it/1135nd,3.5,,"alamo drafthouse, theatre, france",2020-03-04
2020-03-31,The Tale of the Princess Kaguya,2013,https://boxd.it/13wwmd,5,Yes,"masterpiece, anime, japan",2020-03-30
2020-04-04,Woman in the Dunes,1964,https://boxd.it/140aSr,4,,"criterion channel, japanese golden age, japan, hiroshi teshigahara",2020-04-03
2020-04-15,Your Name.,2016,https://boxd.it/15nkKx,4.5,Yes,"anime, makoto shinkai, japan",2020-04-14
2020-04-21,The Human Condition I: No Greater Love,1959,https://boxd.it/16ceDR,5,,"masterpiece, criterion channel, japanese golden age, japan",2020-04-20
2020-04-22,The Human Condition II: Road to Eternity,1959,https://boxd.it/16jcvv,4.5,,"criterion channel, japanese golden age, japan",2020-04-21
2020-04-22,The Human Condition III: A Soldier's Prayer,1961,https://boxd.it/16ktur,4.5,,"criterion channel, japanese golden age, japan",2020-04-22
2020-04-30,Liz and the Blue Bird,2018,https://boxd.it/17hYmh,4,,"japan, anime, ???",2020-04-30
2020-05-03,The Tatami Galaxy,2010,https://boxd.it/17CEbF,5,,"anime, masterpiece, japan, tv, masaaki yuasa",2020-05-02
2020-05-23,All About Lily Chou-Chou,2001,https://boxd.it/1a0O25,,,"???, kanopy, japan, shunji iwai",2020-05-23
2020-05-27,Weathering with You,2019,https://boxd.it/1avzaZ,4,,"anime, makoto shinkai, better than you think, japan",2020-05-27
2020-06-04,The Emperor's Naked Army Marches On,1987,https://boxd.it/1bl11t,5,,"masterpiece, japan",2020-06-04
2020-06-06,Whiplash,2014,https://boxd.it/1bxH0L,5,Yes,masterpiece,2020-06-06
2020-06-11,To Live,1994,https://boxd.it/1c6gnD,4,,"china, mandarin",2020-06-11
2020-06-17,Ran,1985,https://boxd.it/1cJhjF,5,,"masterpiece, akira kurosawa, japan",2020-06-16
2020-06-19,High and Low,1963,https://boxd.it/1cTazV,4.5,Yes,"criterion channel, akira kurosawa, japanese golden age, japan",2020-06-18
2020-06-20,No Regrets for Our Youth,1946,https://boxd.it/1d1rx9,4,,"akira kurosawa, japanese golden age, criterion channel, japan",2020-06-20
2020-06-24,Yearning,1964,https://boxd.it/1dqKxR,3.5,,"japanese golden age, criterion channel, mikio naruse, japan",2020-06-24
2020-06-26,When a Woman Ascends the Stairs,1960,https://boxd.it/1dC0hx,4,,"japanese golden age, criterion channel, mikio naruse, japan",2020-06-26
2020-06-30,Early Summer,1951,https://boxd.it/1e1M7P,4,,"criterion channel, japanese golden age, yasujiro ozu, japan",2020-06-30
2020-07-02,The Story of the Last Chrysanthemum,1939,https://boxd.it/1ed7Vj,3.5,,"kenji mizoguchi, japan",2020-07-02
2020-07-05,After Life,1998,https://boxd.it/1eueyZ,4,,"japan, hirokazu kore-eda",2020-07-04
2020-07-08,Tokyo Twilight,1957,https://boxd.it/1eRb7H,4.5,,"yasujiro ozu, japanese golden age, japan",2020-07-08
2020-07-11,Flowers of Shanghai,1998,https://boxd.it/1f3vmV,3,,"taiwan, cantonese, shanghainese",2020-07-10
2020-07-11,Kagemusha,1980,https://boxd.it/1f99El,4,,"akira kurosawa, japan",2020-07-11
2020-07-12,One Wonderful Sunday,1947,https://boxd.it/1fgqBx,4,,"akira kurosawa, japanese golden age, japan",2020-07-12
2020-07-13,The Deer Hunter,1978,https://boxd.it/1foSFN,3.5,,,2020-07-13
2020-07-14,The Crucified Lovers,1954,https://boxd.it/1fwe5V,3.5,,"kenji mizoguchi, japanese golden age, japan",2020-07-14
2020-07-16,"Comrades, Almost a Love Story",1996,https://boxd.it/1fILON,4,,"hong kong, cantonese, mandarin",2020-07-16
2020-07-17,Fireworks,1997,https://boxd.it/1fOI3V,3.5,,"???, japan, takeshi kitano",2020-07-17
2020-07-19,First Cow,2019,https://boxd.it/1g1j9Z,4,,,2020-07-19
2020-07-22,"Merry Christmas, Mr. Lawrence",1983,https://boxd.it/1gl4Pr,3.5,,"japan, nagisa oshima",2020-07-22
2020-07-23,Demons,1971,https://boxd.it/1grxVl,4.5,,japan,2020-07-23
2020-07-25,Pulse,2001,https://boxd.it/1gxPxj,4,,"japan, kiyoshi kurosawa",2020-07-24
2020-07-30,Sound of the Mountain,1954,https://boxd.it/1h9SYj,3.5,,"japanese golden age, mikio naruse, japan",2020-07-30
2020-07-31,The Love Eterne,1963,https://boxd.it/1heHOn,4,,"hong kong, mandarin",2020-07-30
2020-08-05,Eat Drink Man Woman,1994,https://boxd.it/1hLD3t,4,,"taiwan, mandarin",2020-08-05
2020-08-07,Sonatine,1993,https://boxd.it/1hSvQL,2.5,,"japan, takeshi kitano",2020-08-06
2020-08-08,The Grandmaster,2013,https://boxd.it/1hYh67,3.5,,"hong kong, cantonese, mandarin",2020-08-07
2020-08-14,The Wind Rises,2013,https://boxd.it/1iHOQn,5,Yes,"masterpiece, japan, anime, hayao miyazaki",2020-08-14
2020-08-23,All About Lily Chou-Chou,2001,https://boxd.it/1jCRBp,4.5,Yes,"japan, kanopy, shunji iwai",2020-08-23
2020-08-26,Inception,2010,https://boxd.it/1jWlKf,5,Yes,"masterpiece, christopher nolan",2020-08-26
2020-08-28,Spirited Away,2001,https://boxd.it/1k9LZV,5,Yes,"masterpiece, japan, anime, hayao miyazaki",2020-08-28
2020-08-29,My Neighbors the Yamadas,1999,https://boxd.it/1kfRCZ,3,,"japan, anime",2020-08-29
2020-08-30,Only Yesterday,1991,https://boxd.it/1knqlD,4,Yes,"japan, anime",2020-08-30
2020-08-31,Better Days,2019,https://boxd.it/1kval9,3.5,,"china, mandarin, 周冬雨",2020-08-31
2020-09-04,I'm Thinking of Ending Things,2020,https://boxd.it/1kU7RV,4,,???,2020-09-04
2020-09-06,Us and Them,2018,https://boxd.it/1l8iX9,4,,"mandarin, china, 周冬雨",2020-09-06
2020-09-09,Soul Mate,2016,https://boxd.it/1ltrwj,4,,"china, mandarin, 周冬雨",2020-09-09
2020-09-11,Tenet,2020,https://boxd.it/1lEaNJ,3,,"bullock imax, theatre, christopher nolan",2020-09-11
2020-09-16,Vertigo,1958,https://boxd.it/1mbOEt,5,Yes,"masterpiece, 4k bluray",2020-09-16
2020-09-21,Under the Hawthorn Tree,2010,https://boxd.it/1mI0Ir,3.5,,"china, mandarin, 周冬雨",2020-09-21
2020-09-25,Ash Is Purest White,2018,https://boxd.it/1n51rn,4,,"china, mandarin, jia zhangke",2020-09-25
2020-09-26,In This Corner of the World,2016,https://boxd.it/1naWN1,4.5,Yes,"japan, anime",2020-09-26
2020-10-10,World of Tomorrow Episode Three: The Absent Destinations of David Prime,2020,https://boxd.it/1oCCCx,3.5,,???,2020-10-09
2020-10-11,Lupin the Third: The Castle of Cagliostro,1979,https://boxd.it/1oMRAh,3.5,,"japan, anime",2020-10-11
2020-10-15,Neon Genesis Evangelion: The End of Evangelion,1997,https://boxd.it/1pbUur,,,"???, anime, japan",2020-10-15
2020-10-16,After Life,1998,https://boxd.it/1phKGp,5,Yes,"japan, masterpiece",2020-10-16
2020-10-18,Summer Wars,2009,https://boxd.it/1pvVMV,3.5,,"japan, anime",2020-10-18
2020-10-20,Neon Genesis Evangelion,1995,https://boxd.it/1pKjwl,4,,"anime, japan, tv",2020-10-20
2020-10-22,Princess Mononoke,1997,https://boxd.it/1pVO7t,5,Yes,"anime, japan, masterpiece",2020-10-21
2020-10-26,"Night Is Short, Walk on Girl",2017,https://boxd.it/1qsafj,4,Yes,"anime, japan, masaaki yuasa",2020-10-26
2020-10-28,Howl's Moving Castle,2004,https://boxd.it/1qGzAf,3,Yes,"japan, anime, hayao miyazaki",2020-10-28
2020-11-09,The Trial of the Chicago 7,2020,https://boxd.it/1rTTnb,3.5,,,2020-11-08
2020-11-09,April Story,1998,https://boxd.it/1rZXIp,3,,"japan, shunji iwai",2020-11-09
2020-11-10,Zodiac,2007,https://boxd.it/1s62hF,5,Yes,masterpiece,2020-11-10
2020-11-14,Ilo Ilo,2013,https://boxd.it/1ssS5F,3.5,,"mandarin, hokkien, malay, singapore",2020-11-14
2020-11-19,The Game,1997,https://boxd.it/1sTdPB,3.5,,,2020-11-18
2020-11-24,Peeping Tom,1960,https://boxd.it/1ts7nV,4,,,2020-11-23
2020-11-25,Se7en,1995,https://boxd.it/1tBsWv,3.5,Yes,,2020-11-25
2020-11-26,Ritual,2000,https://boxd.it/1tCW5X,4.5,,japan,2020-11-25
2020-11-28,Nimic,2019,https://boxd.it/1tPqQD,,,,2020-11-27
2020-12-01,Shanghai Triad,1995,https://boxd.it/1udldf,3,,"china, mandarin",2020-11-30
2020-12-01,American Beauty,1999,https://boxd.it/1ujEZJ,3.5,,,2020-12-01
2020-12-02,"His Motorbike, Her Island",1986,https://boxd.it/1uqhdr,4,,"japan, nobuhiko obayashi",2020-12-02
2020-12-08,Mank,2020,https://boxd.it/1v5wdD,4,,,2020-12-07
2020-12-14,Panic Room,2002,https://boxd.it/1vKXiH,3.5,Yes,,2020-12-14
2020-12-15,Zodiac,2007,https://boxd.it/1vOtNj,5,Yes,"masterpiece, david fincher",2020-12-14
2020-12-15,Spirited Away,2001,https://boxd.it/1vREdx,5,Yes,"masterpiece, japan, anime, hayao miyazaki",2020-12-15
2020-12-17,August in the Water,1995,https://boxd.it/1w3OOx,4,,"japan, ???",2020-12-16
2020-12-18,Miss Lonely,1985,https://boxd.it/1wabd7,4,,"japan, nobuhiko obayashi",2020-12-17
2020-12-19,The Girl with the Dragon Tattoo,2011,https://boxd.it/1wg8tD,4,,,2020-12-18
2020-12-20,The Deserted City,1984,https://boxd.it/1wkZ79,3.5,,"japan, nobuhiko obayashi",2020-12-19
2020-12-21,Love Letter,1995,https://boxd.it/1wyzHj,4,,"japan, shunji iwai",2020-12-21
2020-12-22,The Little Girl Who Conquered Time,1983,https://boxd.it/1wEdxj,4,,"japan, nobuhiko obayashi",2020-12-21
2020-12-23,The Discarnates,1988,https://boxd.it/1wLnFL,3.5,,"japan, nobuhiko obayashi",2020-12-22
2020-12-24,Coco,2017,https://boxd.it/1wWvNl,4,,,2020-12-24
2020-12-25,Soul,2020,https://boxd.it/1x53Tt,3.5,,pixar,2020-12-25
2020-12-26,Toy Story 4,2019,https://boxd.it/1xd5KJ,3.5,,,2020-12-25
2020-12-29,Love & Pop,1998,https://boxd.it/1xLJPx,4,,japan,2020-12-28
2020-12-31,In the Realm of the Senses,1976,https://boxd.it/1y95jp,2,,"japan, nagisa oshima, ???",2020-12-31
2021-01-01,Sada,1998,https://boxd.it/1yiEeH,3,,"japan, nobuhiko obayashi",2021-01-01
2021-01-02,Last Letter,2020,https://boxd.it/1yx9X7,3.5,,"japan, shunji iwai",2021-01-02
2021-01-03,A Bride for Rip Van Winkle,2016,https://boxd.it/1yLv7l,4.5,,"japan, shunji iwai, ???",2021-01-03
2021-01-05,Miao Miao,2008,https://boxd.it/1z75zn,2.5,,"taiwan, mandarin, criterion channel",2021-01-04
2021-01-08,The Princess and the Frog,2009,https://boxd.it/1zy5oD,4,Yes,better than you think,2021-01-08
2021-01-10,Pretend It's a City,2021,https://boxd.it/1zRDcT,4.5,,tv,2021-01-10
2021-01-11,A Town of Love and Hope,1959,https://boxd.it/1A32Cz,3,,"japan, nagisa oshima",2021-01-11
2021-01-12,Street Without End,1934,https://boxd.it/1AbR5H,3.5,,"japan, mikio naruse",2021-01-12
2021-01-15,Hana & Alice,2004,https://boxd.it/1AC9zn,4,,"japan, shunji iwai",2021-01-14
2021-01-15,The Case of Hana & Alice,2015,https://boxd.it/1AEj5r,3.5,,"japan, shunji iwai, anime",2021-01-15
2021-01-18,Tampopo,1985,https://boxd.it/1BaX3z,4.5,Yes,japan,2021-01-18
2021-01-19,The Anthem of the Heart,2015,https://boxd.it/1BkP0R,3,,"japan, anime",2021-01-19
2021-01-21,Memories,1995,https://boxd.it/1BBvvz,3.5,,"anime, japan",2021-01-21
2021-01-24,The Girl Who Leapt Through Time,2006,https://boxd.it/1BSkNB,3.5,,"anime, japan",2021-01-23
2021-01-26,Weathering with You,2019,https://boxd.it/1CkKQx,4,Yes,"anime, japan, makoto shinkai",2021-01-26
2021-01-28,To the Ends of the Earth,2019,https://boxd.it/1CAgnd,3.5,,"japan, kiyoshi kurosawa",2021-01-28
2021-01-30,"Synecdoche, New York",2008,https://boxd.it/1CQcsl,5,Yes,masterpiece,2021-01-30
2021-01-31,Charisma,1999,https://boxd.it/1CZaez,3,,"japan, kiyoshi kurosawa, ???",2021-01-31
2021-02-03,Saint Maud,2019,https://boxd.it/1Dt49D,3,,,2021-02-03
2021-02-05,Creepy,2016,https://boxd.it/1DBSd7,3.5,,"japan, kiyoshi kurosawa, ???",2021-02-04
2021-02-05,Ringu,1998,https://boxd.it/1DI3N3,3,,japan,2021-02-05
2021-02-09,The Tatami Galaxy,2010,https://boxd.it/1EcIcd,5,Yes,"japan, masterpiece, anime, tv, masaaki yuasa",2021-02-08
2021-02-14,Lady Snowblood,1973,https://boxd.it/1EPvVR,3.5,,japan,2021-02-13
2021-02-15,Your Name.,2016,https://boxd.it/1F1gpP,4.5,Yes,"japan, anime",2021-02-14
2021-02-17,K-ON! The Movie,2011,https://boxd.it/1Ft51D,3,,"japan, anime",2021-02-17
2021-02-18,Who Framed Roger Rabbit,1988,https://boxd.it/1FB9jn,3.5,,,2021-02-18
2021-02-23,Thanks for Sharing,2012,https://boxd.it/1GeA19,3,,,2021-02-22
2021-02-24,Rhapsody in Blue,1999,https://boxd.it/1GsHRT,5,,,2021-02-24
2021-02-25,Mistress America,2015,https://boxd.it/1GAQvD,2.5,,,2021-02-25
2021-02-27,Minari,2020,https://boxd.it/1GPzHx,3.5,,,2021-02-27
2021-03-01,Superbad,2007,https://boxd.it/1H9P7F,3.5,,,2021-03-01
2021-03-05,Scott Pilgrim vs. the World,2010,https://boxd.it/1HwFJP,4.5,Yes,edgar wright,2021-03-04
2021-03-05,WandaVision,2021,https://boxd.it/1HDDct,3.5,,"tv, marvel",2021-03-05
2021-03-06,Spider-Man: Into the Spider-Verse,2018,https://boxd.it/1HM6l1,4,,,2021-03-06
2021-03-07,Nick and Norah's Infinite Playlist,2008,https://boxd.it/1HWmu9,3,,,2021-03-07
2021-03-08,Molly's Game,2017,https://boxd.it/1I6IpF,3.5,,,2021-03-08
2021-03-15,Princess Mononoke,1997,https://boxd.it/1IZxeL,5,Yes,,2021-03-15
2021-03-17,One Child Nation,2019,https://boxd.it/1J9ZgZ,4,,mandarin,2021-03-16
2021-03-20,Vanilla Sky,2001,https://boxd.it/1JxT8D,3.5,Yes,,2021-03-19
2021-03-23,Her,2013,https://boxd.it/1JZNIV,5,Yes,masterpiece,2021-03-22
2021-03-26,Cool Hand Luke,1967,https://boxd.it/1Ksw69,4,,,2021-03-25
2021-03-27,The Terminal,2004,https://boxd.it/1KADhz,2.5,,,2021-03-27
2021-03-28,Almost Famous,2000,https://boxd.it/1KKdZP,5,,masterpiece,2021-03-27
2021-03-29,Shrek,2001,https://boxd.it/1KV5zB,3.5,Yes,,2021-03-29
2021-03-31,Tokyo Sonata,2008,https://boxd.it/1Lafy9,4,,"japan, kiyoshi kurosawa",2021-03-31
2021-04-03,The Hand,2020,https://boxd.it/1LzKA1,4,,"mandarin, hong kong, 王家衛",2021-04-02
2021-04-04,2046,2004,https://boxd.it/1LC2vd,4.5,Yes,"hong kong, mandarin, cantonese, 王家衛",2021-04-03
2021-04-08,Promising Young Woman,2020,https://boxd.it/1MklZT,4,,,2021-04-07
2021-04-09,Farewell My Concubine,1993,https://boxd.it/1Muavj,4,,"mandarin, china",2021-04-09
2021-04-12,Days of Being Wild,1990,https://boxd.it/1MOT0P,3.5,Yes,"cantonese, hong kong, 王家衛",2021-04-11
2021-04-12,As Tears Go By,1988,https://boxd.it/1MZ5HL,3,,"cantonese, hong kong, 王家衛",2021-04-12
2021-04-13,Police Story,1985,https://boxd.it/1N7LZX,4,,"cantonese, hong kong",2021-04-13
2021-04-16,The Legend of Drunken Master,1994,https://boxd.it/1NvyGV,3,,"cantonese, hong kong",2021-04-15
2021-04-17,Pirates of the Caribbean: Dead Man's Chest,2006,https://boxd.it/1NEhiF,3.5,Yes,,2021-04-17
2021-04-23,A Cure for Wellness,2016,https://boxd.it/1OrUT9,3,Yes,,2021-04-22
2021-04-23,Where the Wild Things Are,2009,https://boxd.it/1OvyZR,5,Yes,"masterpiece, spike jonze, better than you think",2021-04-23
2021-04-27,Once Upon a Time… in Hollywood,2019,https://boxd.it/1P5qPL,4,Yes,,2021-04-26
2021-04-28,Judas and the Black Messiah,2021,https://boxd.it/1PaLOT,4.5,,,2021-04-27
2021-04-29,Fritz the Cat,1972,https://boxd.it/1Pm1WV,3.5,,,2021-04-28
2021-04-30,American Pop,1981,https://boxd.it/1PqlsJ,4,,,2021-04-29
2021-05-04,King Kong,1933,https://boxd.it/1Q7W0D,4.5,Yes,,2021-05-03
2021-05-05,King Kong,2005,https://boxd.it/1QbKI7,3.5,Yes,,2021-05-04
2021-05-08,Ikiru,1952,https://boxd.it/1QCl6h,5,Yes,"japan, japanese golden age, akira kurosawa, masterpiece",2021-05-08
2021-05-10,From Dusk Till Dawn,1996,https://boxd.it/1QVbqJ,4,Yes,,2021-05-10
2021-05-14,Rashomon,1950,https://boxd.it/1Rpwgl,5,Yes,"japan, akira kurosawa, masterpiece, japanese golden age",2021-05-14
2021-05-16,Kuroneko,1968,https://boxd.it/1RIhqN,4.5,Yes,japan,2021-05-16
2021-05-18,The Night of the Hunter,1955,https://boxd.it/1RYRVz,5,Yes,masterpiece,2021-05-17
2021-05-19,The Ghost of Yotsuya,1959,https://boxd.it/1S6qrD,3,,"japan, japanese golden age",2021-05-18
2021-05-20,Jigoku,1960,https://boxd.it/1Se617,3.5,,"japan, japanese golden age, ???",2021-05-20
2021-05-21,Blind Beast,1969,https://boxd.it/1Sl0ej,4,,japan,2021-05-21
2021-05-22,Pitfall,1962,https://boxd.it/1SsDdD,2.5,,"japan, japanese golden age, hiroshi teshigahara, ???",2021-05-22
2021-05-23,Demon Slayer – Kimetsu no Yaiba – The Movie: Mugen Train,2020,https://boxd.it/1SBKUR,3,,"japan, anime, theatre",2021-05-22
2021-05-24,Funeral Parade of Roses,1969,https://boxd.it/1SLJuX,3,,japan,2021-05-23
2021-05-25,Street of Shame,1956,https://boxd.it/1SSqYj,4,,"japan, japanese golden age, kenji mizoguchi",2021-05-24
2021-05-25,Sansho the Bailiff,1954,https://boxd.it/1SUJQ3,5,Yes,"kenji mizoguchi, japanese golden age, masterpiece, japan",2021-05-25
2021-05-27,An American Werewolf in London,1981,https://boxd.it/1T9m8x,4,Yes,,2021-05-26
2021-05-27,The Life of Oharu,1952,https://boxd.it/1T9ndX,5,Yes,"masterpiece, japan, japanese golden age, kenji mizoguchi",2021-05-27
2021-05-28,Harry Potter and the Prisoner of Azkaban,2004,https://boxd.it/1TfZZx,5,Yes,masterpiece,2021-05-28
2021-05-29,Harold and Maude,1971,https://boxd.it/1Tmvqh,4,,,2021-05-28
2021-05-31,Bo Burnham: Inside,2021,https://boxd.it/1TEueF,,,,2021-05-30
2021-06-01,Chinatown,1974,https://boxd.it/1TRmqp,4.5,Yes,masterpiece,2021-06-01
2021-06-02,Ace in the Hole,1951,https://boxd.it/1TXtpb,4.5,Yes,,2021-06-01
2021-06-04,Early Spring,1956,https://boxd.it/1UdKQF,4,,"yasujiro ozu, japanese golden age, japan",2021-06-04
2021-06-05,The Master,2012,https://boxd.it/1UmQKr,4.5,Yes,???,2021-06-05
2021-06-07,Empire of Passion,1978,https://boxd.it/1UG23d,3,,"japan, nagisa oshima",2021-06-07
2021-06-08,A Geisha,1953,https://boxd.it/1UN2MV,4,,"japan, japanese golden age, kenji mizoguchi",2021-06-07
2021-06-11,Women of the Night,1948,https://boxd.it/1VaLSF,3.5,,"kenji mizoguchi, japan, japanese golden age",2021-06-11
2021-06-12,Doctor Zhivago,1965,https://boxd.it/1VhvnF,3.5,,david lean,2021-06-12
2021-06-13,Drive,2011,https://boxd.it/1VplOn,4,,,2021-06-13
2021-06-14,The Last Detail,1973,https://boxd.it/1Vz225,4,,,2021-06-14
2021-06-15,Hugo,2011,https://boxd.it/1VFNr9,4,Yes,,2021-06-15
2021-06-16,The Amusement Park,1975,https://boxd.it/1VNJFx,,,,2021-06-16
2021-06-17,Dawn of the Dead,1978,https://boxd.it/1VTvy5,4.5,,,2021-06-17
2021-06-19,Floating Clouds,1955,https://boxd.it/1W1Gxj,2.5,,"japanese golden age, mikio naruse, japan",2021-06-18
2021-06-20,Carnal Knowledge,1971,https://boxd.it/1WgXuB,4.5,,mike nichols,2021-06-20
2021-06-21,Phantom of the Paradise,1974,https://boxd.it/1WqHxf,4,,???,2021-06-21
2021-06-22,Catch-22,1970,https://boxd.it/1Wyxej,3.5,,mike nichols,2021-06-22
2021-06-24,On the Waterfront,1954,https://boxd.it/1WN3Pp,3,,,2021-06-24
2021-06-25,Blow Out,1981,https://boxd.it/1WUod1,4,,,2021-06-25
2021-06-26,The Death of Stalin,2017,https://boxd.it/1X1kNX,3.5,,,2021-06-26
2021-06-27,Two in the Shadow,1967,https://boxd.it/1XbwWd,3.5,,"japan, mikio naruse",2021-06-27
2021-06-28,Who's Afraid of Virginia Woolf?,1966,https://boxd.it/1Xkcah,2,,,2021-06-28
2021-06-30,Rebel Without a Cause,1955,https://boxd.it/1XtIx1,4,,,2021-06-29
2021-06-30,The Legend of 1900,1998,https://boxd.it/1XAbkn,4,,,2021-06-30
2021-07-01,Lightning,1952,https://boxd.it/1XI20f,3.5,,"japanese golden age, japan, mikio naruse",2021-07-01
2021-07-03,Luca,2021,https://boxd.it/1XX2hb,3.5,,,2021-07-03
2021-07-05,The Other Side of the Wind,2018,https://boxd.it/1YhXQn,5,Yes,"masterpiece, better than you think",2021-07-05
2021-07-07,The Last Temptation of Christ,1988,https://boxd.it/1YAKR1,4.5,,???,2021-07-07
2021-07-08,The Burmese Harp,1956,https://boxd.it/1YIPhN,4,,"japanese golden age, kon ichikawa, japan",2021-07-08
2021-07-11,A Clockwork Orange,1971,https://boxd.it/1Z4tZx,5,Yes,"stanley kubrick, masterpiece",2021-07-10
2021-07-11,Rain Man,1988,https://boxd.it/1Z6FSx,2.5,,,2021-07-10
2021-07-12,The Graduate,1967,https://boxd.it/1ZktYr,4.5,Yes,mike nichols,2021-07-12
2021-07-15,Bringing Out the Dead,1999,https://boxd.it/1ZEMSH,4,,"martin scorsese, airplane",2021-07-14
2021-07-15,Nomadland,2020,https://boxd.it/1ZGiMj,3.5,,"watched in paris fr, studio 28 montmarte, theatre",2021-07-14
2021-07-18,Annette,2021,https://boxd.it/208D4D,3.5,,"france, watched in lyon fr, pathe bellecœr, theatre",2021-07-17
2021-07-23,Old,2021,https://boxd.it/20UXMh,3,,"watched in nice fr, cinema varieté, theatre",2021-07-23
2021-07-25,Bergman Island,2021,https://boxd.it/218Yfh,4,,"watched in nice fr, rialto, france, theatre",2021-07-24
2021-07-29,Waking Life,2001,https://boxd.it/21LGuL,5,Yes,"richard linklater, watched in lisbon pt, cinemateca portuguesa, theatre",2021-07-28
2021-07-30,Zatoichi,2003,https://boxd.it/21UEbv,3,,"japan, takeshi kitano, airplane",2021-07-29
2021-07-30,After Hours,1985,https://boxd.it/21UEt5,5,Yes,"airplane, martin scorsese, masterpiece",2021-07-29
2021-07-30,Another Round,2020,https://boxd.it/21UEUZ,3.5,,"denmark, airplane",2021-07-29
2021-07-30,Saving Christmas,2014,https://boxd.it/220acb,0.5,,,2021-07-30
2021-07-31,In the Mood for Love,2000,https://boxd.it/226Dav,5,Yes,"hong kong, cantonese, 王家衛, austin film society, theatre",2021-07-30
2021-08-01,Chungking Express,1994,https://boxd.it/22gByZ,5,Yes,"hong kong, 王家衛, austin film society, theatre, mandarin, cantonese",2021-07-31
2021-08-03,Miss Oyu,1951,https://boxd.it/22z8QN,3,,"japan, kenji mizoguchi, japanese golden age",2021-08-02
2021-08-04,Dark Waters,2019,https://boxd.it/22CjhP,3.5,,,2021-08-03
2021-08-07,Deep End,1970,https://boxd.it/237rKn,4,,"watched in nyc, roxy cinema, theatre",2021-08-06
2021-08-09,The Swimming Pool,1969,https://boxd.it/23utsV,3.5,,"watched in nyc, ny film forum, france, theatre",2021-08-08
2021-08-12,Casino Royale,2006,https://boxd.it/23TQj3,4.5,Yes,,2021-08-11
2021-08-13,Evangelion: 3.0+1.0 Thrice Upon a Time,2021,https://boxd.it/242Ikv,,,"japan, anime, ???",2021-08-13
2021-08-14,Nine Days,2020,https://boxd.it/249NOJ,3.5,,theatre,2021-08-13
2021-08-15,Sound of Metal,2019,https://boxd.it/24ioun,4,,,2021-08-14
2021-08-16,The Departed,2006,https://boxd.it/24utMb,4.5,Yes,martin scorsese,2021-08-15
2021-08-17,Raging Bull,1980,https://boxd.it/24Dwfn,4.5,Yes,martin scorsese,2021-08-17
2021-08-18,Who's That Knocking at My Door,1967,https://boxd.it/24ITtx,3.5,,martin scorsese,2021-08-17
2021-08-19,Casino,1995,https://boxd.it/24ViB1,3.5,,martin scorsese,2021-08-19
2021-08-20,Taxi Driver,1976,https://boxd.it/253svN,5,Yes,"masterpiece, martin scorsese",2021-08-20
2021-08-21,Mind Game,2004,https://boxd.it/25aBJD,4,,"japan, anime, ???, masaaki yuasa, theatre, moma fort worth",2021-08-20
2021-08-23,Pig,2021,https://boxd.it/25wPSX,1,,,2021-08-23
2021-08-25,Ping Pong the Animation,2014,https://boxd.it/25MVdj,4.5,,"anime, japan, masaaki yuasa, tv",2021-08-25
2021-08-27,Kill Bill: Vol. 1,2003,https://boxd.it/2627Pf,4,Yes,outdoors,2021-08-26
2021-08-27,Kill Bill: Vol. 2,2004,https://boxd.it/262RMB,3.5,,,2021-08-27
2021-08-29,The Hateful Eight,2015,https://boxd.it/26g7KR,4,,,2021-08-28
2021-08-29,Django Unchained,2012,https://boxd.it/26jCw3,4.5,Yes,,2021-08-28
2021-09-01,L.A. Confidential,1997,https://boxd.it/26LC1l,3.5,,,2021-08-31
2021-09-02,The Tenant,1976,https://boxd.it/26UBNL,4,,"roman polanski, ???",2021-09-02
2021-09-03,Cul-de-sac,1966,https://boxd.it/272xXt,3,,roman polanski,2021-09-03
2021-09-04,Point Blank,1967,https://boxd.it/27axwX,4,,,2021-09-04
2021-09-09,Princess Yang Kwei Fei,1955,https://boxd.it/27TMUv,3.5,,"japan, kenji mizoguchi, japanese golden age",2021-09-08
2021-09-11,The Card Counter,2021,https://boxd.it/288ybh,4,,theatre,2021-09-10
2021-09-13,Woman of Rumor,1954,https://boxd.it/28uOvV,3.5,,"kenji mizoguchi, japanese golden age, japan",2021-09-13
2021-09-14,Macbeth,1971,https://boxd.it/28BSu7,4,,roman polanski,2021-09-13
2021-09-16,Red Beard,1965,https://boxd.it/28OCJ7,5,Yes,"akira kurosawa, japanese golden age, japan, masterpiece",2021-09-15
2021-09-17,Close-Up,1990,https://boxd.it/28YaNv,3.5,,"abbas kiarostami, iran",2021-09-16
2021-09-17,Corpse Bride,2005,https://boxd.it/28ZndR,3.5,Yes,,2021-09-17
2021-09-18,Scandal,1950,https://boxd.it/295WAD,3,,"akira kurosawa, japan, japanese golden age",2021-09-18
2021-09-19,The Hourglass Sanatorium,1973,https://boxd.it/29cnJJ,2,,poland,2021-09-18
2021-09-20,The Ballad of Narayama,1958,https://boxd.it/29ppGD,4,,"japan, japanese golden age, keisuke kinoshita, criterion channel",2021-09-20
2021-09-21,Knife in the Water,1962,https://boxd.it/29wsaT,3.5,,"poland, roman polanski, criterion channel",2021-09-21
2021-09-24,In the Heights,2021,https://boxd.it/29Rfgr,4,,"ut dallas, theatre",2021-09-23
2021-09-25,The Lower Depths,1957,https://boxd.it/2a0irb,3,,"japan, japanese golden age, akira kurosawa, criterion channel",2021-09-24
2021-09-26,The Idiot,1951,https://boxd.it/2aa4BV,2.5,,"akira kurosawa, japanese golden age, japan, criterion channel",2021-09-26
2021-09-28,Wedding Ring,1950,https://boxd.it/2aos3V,3,,"japan, keisuke kinoshita, japanese golden age, criterion channel",2021-09-27
2021-10-01,The Thing,1982,https://boxd.it/2aLib7,4.5,Yes,john carpenter,2021-09-30
2021-10-01,Millennium Actress,2001,https://boxd.it/2aP9oz,3.5,Yes,"satoshi kon, japan, anime",2021-10-01
2021-10-04,The Quiet Duel,1949,https://boxd.it/2bktZR,3,,"akira kurosawa, japanese golden age, japan",2021-10-04
2021-10-05,Madadayo,1993,https://boxd.it/2brVCZ,3.5,,"akira kurosawa, japan",2021-10-04
2021-10-07,Zola,2020,https://boxd.it/2bIamJ,4,,"ut dallas, theatre",2021-10-06
2021-10-09,The French Dispatch,2021,https://boxd.it/2bZmn9,4,,"theatre, diff, alamo drafthouse",2021-10-08
2021-10-11,C'mon C'mon,2021,https://boxd.it/2ckOOf,4,,"theatre, diff, alamo drafthouse",2021-10-10
2021-10-13,Dune,2021,https://boxd.it/2cG4Df,4,,theatre,2021-10-12
2021-10-14,The Karate Kid,1984,https://boxd.it/2cNCOF,3.5,,,2021-10-13
2021-10-18,Sanjuro,1962,https://boxd.it/2dpvpJ,4,Yes,"japan, japanese golden age, akira kurosawa",2021-10-17
2021-10-20,Children of Hiroshima,1952,https://boxd.it/2dIQBJ,3.5,,"japanese golden age, japan, kaneto shindo",2021-10-19
2021-10-22,Rhapsody in August,1991,https://boxd.it/2dVmi9,4,,"japan, akira kurosawa",2021-10-21
2021-10-22,Elephant,2003,https://boxd.it/2e0Cf1,,,gus van sant,2021-10-21
2021-10-24,Dodes'ka-den,1970,https://boxd.it/2emPMr,4,,"akira kurosawa, japan",2021-10-24
2021-10-25,The Silence of the Lambs,1991,https://boxd.it/2eyM8R,4,,jonathan demme,2021-10-25
2021-10-26,In This Corner (and Other Corners) of the World,2019,https://boxd.it/2eJ9et,4.5,,"japan, anime",2021-10-26
2021-10-31,A Boy Named Charlie Brown,1969,https://boxd.it/2fn0FF,3.5,,,2021-10-30
2021-10-31,Last Night in Soho,2021,https://boxd.it/2fuF1P,3,,"edgar wright, frustrating, theatre",2021-10-31
2021-11-01,The Sparks Brothers,2021,https://boxd.it/2fC2JJ,3.5,,edgar wright,2021-10-31
2021-11-02,Interstellar,2014,https://boxd.it/2fSpyB,4.5,Yes,christopher nolan,2021-11-01
2021-11-03,Fires on the Plain,1959,https://boxd.it/2g34zv,4,,"japan, kon ichikawa, japanese golden age",2021-11-03
2021-11-10,Adventureland,2009,https://boxd.it/2gYAu7,3,,,2021-11-09
2021-11-15,Cowboy Bebop,1998,https://boxd.it/2hRhiB,4,,"japan, anime, tv",2021-11-14
2021-11-15,Cowboy Bebop: The Movie,2001,https://boxd.it/2hUYOB,4,,"japan, anime",2021-11-14
2021-11-17,"Bound for the Fields, the Mountains, and the Seacoast",1986,https://boxd.it/2ien9V,5,,"masterpiece, nobuhiko obayashi, japan",2021-11-17
2021-11-19,Wife of a Spy,2020,https://boxd.it/2ivHpj,3,,"kiyoshi kurosawa, japan, airplane",2021-11-18
2021-11-20,The Wind Rises,2013,https://boxd.it/2iE0Sb,5,Yes,"theatre, japan, anime, hayao miyazaki, masterpiece, watched in la, david geffen theatre",2021-11-19
2021-11-23,"tick, tick...BOOM!",2021,https://boxd.it/2j0Mav,3.5,,,2021-11-22
2021-11-24,No Time to Die,2021,https://boxd.it/2jgwbT,3.5,,theatre,2021-11-23
2021-11-28,The Innocents,1961,https://boxd.it/2jTYRh,3.5,,"jack clayton, britain",2021-11-28
2021-12-03,The Servant,1963,https://boxd.it/2kC9Ld,4.5,,"joseph lacey, britain",2021-12-03
2021-12-08,Léon: The Professional,1994,https://boxd.it/2lnBkX,4,,luc beeson,2021-12-08
2021-12-09,WALL·E,2008,https://boxd.it/2lvLJp,5,Yes,"masterpiece, pixar",2021-12-09
2021-12-11,The Matrix,1999,https://boxd.it/2lEanJ,4,Yes,wachowski,2021-12-10
2021-12-12,Licorice Pizza,2021,https://boxd.it/2lXix1,4.5,,"theatre, paul thomas anderson, 70mm",2021-12-11
2021-12-16,Fantastic Mr. Fox,2009,https://boxd.it/2mAn7v,4.5,Yes,wes anderson,2021-12-16
2021-12-17,The Green Knight,2021,https://boxd.it/2mIh3N,3,,david lowery,2021-12-16
2021-12-18,Spider-Man: No Way Home,2021,https://boxd.it/2mTyEX,3,,"theatre, jon watts, marvel",2021-12-17
2021-12-18,Spider-Man,2002,https://boxd.it/2mVGy3,4,Yes,sam raimi,2021-12-18
2021-12-19,Spider-Man 2,2004,https://boxd.it/2n77zJ,4.5,Yes,sam raimi,2021-12-19
2021-12-20,Cloud Atlas,2012,https://boxd.it/2n97lB,4.5,Yes,"wachowski, better than you think, tom tykwer",2021-12-19
2021-12-20,Run Lola Run,1998,https://boxd.it/2nkqCD,3.5,,"germany, tom tykwer",2021-12-20
2021-12-23,The Matrix Resurrections,2021,https://boxd.it/2nT6F3,4,,"alamo drafthouse, theatre, wachowski",2021-12-22
2021-12-26,Don't Look Up,2021,https://boxd.it/2onFZ3,3.5,,adam mckay,2021-12-25
2021-12-27,Asakusa Kid,2021,https://boxd.it/2oFz4B,3.5,,japan,2021-12-26
2022-01-05,Spirited Away,2001,https://boxd.it/2rooRP,5,Yes,"japan, anime, masterpiece, hayao miyazaki",2022-01-04
2022-01-07,The Power of the Dog,2021,https://boxd.it/2rJTqH,3.5,,"jane campion, australia",2022-01-06
2022-01-07,Drive My Car,2021,https://boxd.it/2rQAmv,4,,"japan, ryusuke hamaguchi",2022-01-06
2022-01-13,A Girl Walks Home Alone at Night,2014,https://boxd.it/2tqGHZ,3.5,,ana lily amirpour,2022-01-12
2022-01-15,The Tragedy of Macbeth,2021,https://boxd.it/2tT1fj,2.5,,coens,2022-01-14
2022-01-21,The Making of Silent Hill 2,2001,https://boxd.it/2vlgUh,5,,video game review,2022-01-21
2022-01-26,Snow White and the Seven Dwarfs,1937,https://boxd.it/2wpkTp,4,Yes,"disney, masterpiece",2022-01-26
2022-02-04,Gattaca,1997,https://boxd.it/2y5Ee5,4.5,,andrew niccol,2022-02-04
2022-02-05,Nightmare Alley,2021,https://boxd.it/2yhSm7,4.5,,guillermo del toro,2022-02-05
2022-02-07,The Devil's Backbone,2001,https://boxd.it/2yIDzp,4,,"spain, guillermo del toro",2022-02-07
2022-02-08,Boiling Point,2021,https://boxd.it/2ySYXn,4,,britain,2022-02-08
2022-02-11,The Last Guardian,2016,https://boxd.it/2zlXdL,5,Yes,video game review,2022-02-10
2022-02-11,The Incredibles,2004,https://boxd.it/2znuql,,Yes,"pixar, brad bird",2022-02-11
2022-02-12,The City of Lost Children,1995,https://boxd.it/2zxVjr,3.5,,"france, jean-pierre jeunet, ???",2022-02-11
2022-02-15,Eternal Sunshine of the Spotless Mind,2004,https://boxd.it/2Ab5fn,5,Yes,"masterpiece, michel gondry",2022-02-15
2022-02-24,8 Mile,2002,https://boxd.it/2BGjkd,4,Yes,curtis hanson,2022-02-23
2022-02-26,Before Sunrise,1995,https://boxd.it/2C8ki9,5,Yes,richard linklater,2022-02-26
2022-03-02,West Side Story,2021,https://boxd.it/2CIirZ,4,,steven spielberg,2022-03-01
2022-03-06,The Batman,2022,https://boxd.it/2Dyiy1,4,,"theatre, matt reeves, 2022",2022-03-05
2022-03-08,Joker,2019,https://boxd.it/2DQa2d,3.5,Yes,todd phillips,2022-03-07
2022-03-14,Turning Red,2022,https://boxd.it/2F8JXX,3.5,,"pixar, 2022",2022-03-14
2022-03-15,Minority Report,2002,https://boxd.it/2FkPtt,3.5,,steven spielberg,2022-03-15
2022-03-16,A Christmas Carol,2009,https://boxd.it/2Frov7,3,Yes,robert zemeckis,2022-03-15
2022-03-16,The Polar Express,2004,https://boxd.it/2Ft1jB,3.5,Yes,robert zemeckis,2022-03-15
2022-03-18,Saving Private Ryan,1998,https://boxd.it/2FOOhB,4,,steven spielberg,2022-03-17
2022-03-19,Toy Story 2,1999,https://boxd.it/2G0xL9,4.5,Yes,pixar,2022-03-19
2022-03-19,Toy Story,1995,https://boxd.it/2G12gr,4.5,Yes,pixar,2022-03-19
2022-03-21,The Lion King,1994,https://boxd.it/2GspDd,3,Yes,disney,2022-03-21
2022-03-22,Pleasantville,1998,https://boxd.it/2GBH15,4.5,Yes,gary ross,2022-03-21
2022-03-23,Incredibles 2,2018,https://boxd.it/2GOZhL,4,,"pixar, brad bird",2022-03-23
2022-03-28,Horrors of Malformed Men,1969,https://boxd.it/2HKwI5,3,,"japan, ???, teruo ishii",2022-03-28
2022-04-01,Bill & Ted's Excellent Adventure,1989,https://boxd.it/2IoCDZ,4,,stephen herek,2022-04-01
2022-04-03,Bill & Ted's Bogus Journey,1991,https://boxd.it/2IDmZF,3.5,,peter hewitt,2022-04-02
2022-04-03,Apollo 10½:  A Space Age Childhood,2022,https://boxd.it/2IKHWL,4,,"richard linklater, 2022",2022-04-02
2022-04-07,Everything Everywhere All at Once,2022,https://boxd.it/2JsjU5,4,,"theatre, daniels, 2022",2022-04-06
2022-04-12,Super Size Me,2004,https://boxd.it/2KnLeP,3,Yes,morgan spurlock,2022-04-12
2022-04-17,PlayTime,1967,https://boxd.it/2L64Sd,3.5,,"jacques tati, france",2022-04-16
2022-04-17,American Movie,1999,https://boxd.it/2LgYlf,4,,chris smith,2022-04-17
2022-04-18,Double Suicide,1969,https://boxd.it/2LvSeR,3,,"japan, masahiro shinoda",2022-04-18
2022-04-19,Monsieur Hulot's Holiday,1953,https://boxd.it/2LIfPb,3,,"jacques tati, france",2022-04-19
2022-04-23,Belle,2021,https://boxd.it/2McMJP,3.5,,"japan, anime, mamoru hosada",2022-04-22
2022-04-23,Manila in the Claws of Light,1975,https://boxd.it/2Mmih7,4.5,,"lino brocka, philippines",2022-04-23
2022-04-27,My Neighbor Totoro,1988,https://boxd.it/2N3qxD,4.5,Yes,"hayao miyazaki, anime, japan, theatre, ut dallas",2022-04-26
2022-04-28,Shang-Chi and the Legend of the Ten Rings,2021,https://boxd.it/2NfSpB,3.5,,"destin daniel cretton, marvel",2022-04-28
2022-04-30,Chungking Express,1994,https://boxd.it/2Nyc0x,5,Yes,"王家衛, masterpiece, mandarin, cantonese, hong kong",2022-04-30
2022-05-01,The World,2004,https://boxd.it/2NLHVP,3.5,,"jia zhangke, china, mandarin",2022-05-01
2022-05-04,Moon Knight,2022,https://boxd.it/2Oiplb,4,,"tv, marvel",2022-05-04
2022-05-07,Doctor Strange in the Multiverse of Madness,2022,https://boxd.it/2ONxSJ,3.5,,"sam raimi, marvel, theatre, 2022",2022-05-07
2022-05-12,Sleepy Hollow,1999,https://boxd.it/2PJ61T,3,,tim burton,2022-05-12
2022-05-13,Sweeney Todd: The Demon Barber of Fleet Street,2007,https://boxd.it/2PSAAd,4.5,,tim burton,2022-05-13
2022-05-14,Top Gun,1986,https://boxd.it/2Q3O6t,2.5,,tony scott,2022-05-14
2022-05-16,The Great Escape,1963,https://boxd.it/2QrIHr,4.5,,john sturges,2022-05-16
2022-05-17,Dead Man,1995,https://boxd.it/2QCyZR,3.5,,jim jarmusch,2022-05-17
2022-05-22,Ed Wood,1994,https://boxd.it/2RwqoF,4,,tim burton,2022-05-22
2022-05-23,Pee-wee's Big Adventure,1985,https://boxd.it/2RKrRr,3,Yes,tim burton,2022-05-23
2022-05-27,Spartacus,1960,https://boxd.it/2Smz5V,4,,stanley kubrick,2022-05-26
2022-05-29,The Matrix,1999,https://boxd.it/2SMhN3,4,Yes,wachowski,2022-05-29
2022-05-31,Top Gun: Maverick,2022,https://boxd.it/2T940j,3.5,,"joseph kosinski, theatre, 2022",2022-05-31
2022-06-05,Escape from New York,1981,https://boxd.it/2TYml7,3.5,,john carpenter,2022-06-05
2022-06-07,The Social Network,2010,https://boxd.it/2UnpID,5,Yes,"masterpiece, david fincher",2022-06-07
2022-06-10,Carlito's Way,1993,https://boxd.it/2UR4uP,3.5,,brian de palma,2022-06-09
2022-06-18,Thomas and the Magic Railroad,2000,https://boxd.it/2WdAPN,5,Yes,"britt allcroft, masterpiece",2022-06-17
2022-06-18,Everything Everywhere All at Once,2022,https://boxd.it/2Wh7k5,3.5,Yes,daniels,2022-06-17
2022-06-19,Popstar: Never Stop Never Stopping,2016,https://boxd.it/2WoIbD,4,,akiva schaffer,2022-06-18
2022-06-25,Palm Springs,2020,https://boxd.it/2XBr0t,3.5,,max barabkow,2022-06-24
2022-06-26,Chip 'n Dale: Rescue Rangers,2022,https://boxd.it/2XLjtn,2.5,,"akiva schaffer, 2022",2022-06-25
2022-06-26,Hot Rod,2007,https://boxd.it/2XQIeH,3.5,,akiva schaffer,2022-06-26
2022-06-27,The Northman,2022,https://boxd.it/2Y469x,4.5,,"robert eggers, 2022",2022-06-27
2022-07-02,The Lonely Island Presents: The Unauthorized Bash Brothers Experience,2019,https://boxd.it/2YSbMp,5,Yes,akiva schaffer,2022-07-01
2022-07-02,Elvis,2022,https://boxd.it/2YWjZp,3.5,,"baz luhrman, theatre, 2022",2022-07-02
2022-07-04,The Dark Knight Rises,2012,https://boxd.it/2ZgUIP,3.5,Yes,christopher nolan,2022-07-03
2022-07-05,Following,1998,https://boxd.it/2ZxCln,4,,christopher nolan,2022-07-05
2022-07-06,Raya and the Last Dragon,2021,https://boxd.it/2ZHtZX,3,,disney,2022-07-05
2022-07-07,The Great Dictator,1940,https://boxd.it/2ZT96R,5,Yes,"masterpiece, charlie chaplin",2022-07-06
2022-07-09,jeen-yuhs: A Kanye Trilogy,2022,https://boxd.it/309Sz7,4,,coodie,2022-07-08
2022-07-22,Nope,2022,https://boxd.it/32Srr9,4,,"jordan peele, 2022, theatre",2022-07-21
2022-07-25,Private Parts,1997,https://boxd.it/33yB0L,2.5,,betty thomas,2022-07-24
2022-07-28,Beastie Boys Story,2020,https://boxd.it/34tQ9x,4,,spike jonze,2022-07-27
2022-07-30,The Talented Mr. Ripley,1999,https://boxd.it/34QhyD,4,,anthony minghella,2022-07-29
2022-08-01,Awakenings,1990,https://boxd.it/35h1dj,3.5,,penny marshall,2022-07-31
2022-08-04,Se7en,1995,https://boxd.it/35WlJh,4,Yes,david fincher,2022-08-03
2022-08-11,The Dark Knight,2008,https://boxd.it/37st37,5,Yes,christopher nolan,2022-08-11
2022-08-14,"Lock, Stock and Two Smoking Barrels",1998,https://boxd.it/384GA5,4.5,,guy ritchie,2022-08-14
2022-08-16,The Fly,1986,https://boxd.it/38sgXv,4,Yes,david cronenberg,2022-08-15
2022-08-19,Empire of the Sun,1987,https://boxd.it/394roR,3.5,,steven spielberg,2022-08-18
2022-08-21,Unforgiven,1992,https://boxd.it/39uVYn,5,,"clint eastwood, masterpiece",2022-08-21
2022-08-22,Titanic,1997,https://boxd.it/39Iqzp,4.5,Yes,james cameron,2022-08-21
2022-08-24,Spider-Man 2,2004,https://boxd.it/3a4ucX,4.5,Yes,sam raimi,2022-08-23
2022-08-28,Heat,1995,https://boxd.it/3aNcj7,4.5,,michael mann,2022-08-27
2022-08-31,Collateral,2004,https://boxd.it/3boFeT,4,,michael mann,2022-08-30
2022-09-04,Jaws,1975,https://boxd.it/3c4PV3,5,Yes,"imax, theatre, steven spielberg, masterpiece",2022-09-03
2022-09-05,Gumby: The Movie,1995,https://boxd.it/3ckL55,2.5,Yes,,2022-09-05
2022-09-09,Barbarian,2022,https://boxd.it/3d1y87,3,,"zach creggar, theatre, 2022",2022-09-08
2022-09-11,Taxi Driver,1976,https://boxd.it/3drqFz,5,Yes,"martin scorsese, masterpiece",2022-09-11
2022-09-16,Marcel the Shell with Shoes On,2021,https://boxd.it/3ehJMj,3.5,,"dean fleischer-camp, 2022",2022-09-16
2022-09-17,Manhunter,1986,https://boxd.it/3esrm5,5,,"michael mann, masterpiece",2022-09-16
2022-09-21,Fire Island,2022,https://boxd.it/3fi8cJ,3.5,,"andrew ahn, 2022",2022-09-20
2022-09-24,The Funhouse,1981,https://boxd.it/3fOGhR,3,,tobe hooper,2022-09-23
2022-10-01,Blonde,2022,https://boxd.it/3heFOV,2.5,,"andrew dominik, 2022",2022-10-01
2022-10-08,It Follows,2014,https://boxd.it/3iJKyT,4,Yes,david robert mitchell,2022-10-08
2022-10-16,The Banshees of Inisherin,2022,https://boxd.it/3kuqfF,3.5,,"martin mcdonagh, 2022, theatre, diff",2022-10-15
2022-10-17,The Descent,2005,https://boxd.it/3kLLzv,3.5,,neil marshall,2022-10-17
2022-10-18,Creepshow,1982,https://boxd.it/3kWggz,3.5,,george romero,2022-10-17
2022-10-19,The Return of the Living Dead,1985,https://boxd.it/3l9VM3,4,,dan o bannon,2022-10-19
2022-10-20,The Hunger,1983,https://boxd.it/3liM6l,3,,tony scott,2022-10-19
2022-10-22,Scream,1996,https://boxd.it/3lFUEL,4,,wes craven,2022-10-21
2022-10-23,Sunshine,2007,https://boxd.it/3lTPxD,4,,danny boyle,2022-10-22
2022-10-25,Martin,1976,https://boxd.it/3moRLz,4,,"george romero, 1970s",2022-10-24
2022-10-30,Lot 36,2022,https://boxd.it/3nrmcN,,,"tv, guillermo navarro",2022-10-30
2022-10-31,Graveyard Rats,2022,https://boxd.it/3nyvQr,,,"tv, vicenzo natali",2022-10-30
2022-11-01,The Autopsy,2022,https://boxd.it/3nMrml,,,david prior,2022-10-31
2022-11-01,The Outside,2022,https://boxd.it/3nMry7,,,ana lily amirpour,2022-10-31
2022-11-01,Pickman's Model,2022,https://boxd.it/3nMrMt,,,keith thomas,2022-10-31
2022-11-03,Dreams in the Witch House,2022,https://boxd.it/3olvWR,,,catherine hardwicke,2022-11-02
2022-11-03,The Viewing,2022,https://boxd.it/3olw7P,,,panos cosmatos,2022-11-02
2022-11-03,The Murmuring,2022,https://boxd.it/3olwg3,,,jennifer kent,2022-11-02
2022-11-13,Wendell & Wild,2022,https://boxd.it/3qm0gF,3,,"henry selick, 2022",2022-11-12
2022-11-14,Black Panther,2018,https://boxd.it/3qA4zz,3.5,,ryan coogler,2022-11-13
2022-11-15,Spider-Man 3,2007,https://boxd.it/3qVmq3,3.5,Yes,sam raimi,2022-11-14
2022-11-20,Three Thousand Years of Longing,2022,https://boxd.it/3rW7ab,4.5,,"george miller, 2022",2022-11-20
2022-11-22,Audition,1999,https://boxd.it/3soYFx,3.5,,"takashi miike, japan",2022-11-22
2022-11-24,Glass Onion: A Knives Out Mystery,2022,https://boxd.it/3sJ2TX,3.5,,"rian johnson, 2022, theatre",2022-11-23
2022-12-12,Guillermo del Toro's Pinocchio,2022,https://boxd.it/3wlh73,4,,"guillermo del toro, mark gustafson, 2022",2022-12-11
2022-12-18,Avatar: The Way of Water,2022,https://boxd.it/3xVLcN,4,,"james cameron, 2022, theatre, high frame rate, reald3d",2022-12-17
2022-12-19,Bullet Train,2022,https://boxd.it/3ybNuh,3.5,,"2022, david leitch",2022-12-18
2022-12-20,Runaway,2010,https://boxd.it/3ynMIB,,,kanye west,2022-12-19
2022-12-20,The Fabelmans,2022,https://boxd.it/3ytsfr,4,,"steven spielberg, 2022",2022-12-20
2022-12-21,Avatar: The Way of Water,2022,https://boxd.it/3yKaM7,4,Yes,"james cameron, dolby 3d, theatre, 2022, high frame rate",2022-12-20
2022-12-22,Bones and All,2022,https://boxd.it/3yYpgj,3,,"luca guadagnino, 2022",2022-12-21
2022-12-23,Smile,2022,https://boxd.it/3z2CKT,2.5,,"parker finn, 2022",2022-12-22
2022-12-23,Decision to Leave,2022,https://boxd.it/3zcyZ1,4,,"2022, park chan-wook, south korea",2022-12-22
2022-12-23,TÁR,2022,https://boxd.it/3zgzzL,3,,"todd field, 2022",2022-12-23
2022-12-24,"BARDO, False Chronicle of a Handful of Truths",2022,https://boxd.it/3zzhxb,4,,"2022, alejandro inarritu",2022-12-23
2022-12-25,Saw,2004,https://boxd.it/3zF7bB,3.5,Yes,"james wan, nostalgia",2022-12-24
2022-12-26,Marebito,2004,https://boxd.it/3Alz77,3.5,,"takashi shimizu, japan, jhorror",2022-12-26
2022-12-28,Babylon,2022,https://boxd.it/3B3kSl,5,,"damien chazelle, 2022, theatre",2022-12-27
2022-12-31,White Noise,2022,https://boxd.it/3C9cZz,2.5,,"noah baumbach, 2022",2022-12-30
2023-01-03,Dead Silence,2007,https://boxd.it/3DxaBn,3,Yes,"james wan, nostalgia",2023-01-03
2023-01-04,Insidious: Chapter 2,2013,https://boxd.it/3DyWHZ,3,,james wan,2023-01-03
2023-01-05,Day of the Dead,1985,https://boxd.it/3DY1ib,4,,george romero,2023-01-04
2023-01-08,The Lord of the Rings: The Fellowship of the Ring,2001,https://boxd.it/3Fu4sV,4,Yes,"theatre, alamo drafthouse, peter jackson, extended edition",2023-01-07
2023-01-12,The Pale Blue Eye,2022,https://boxd.it/3GKSlV,3.5,,"scott cooper, 2022",2023-01-11
2023-01-15,The Lord of the Rings: The Two Towers,2002,https://boxd.it/3HW1Bf,4,,"theatre, alamo drafthouse, extended edition, peter jackson",2023-01-14
2023-01-22,Sr.,2022,https://boxd.it/3JVtX5,3.5,,"chris smith, 2022",2023-01-20
2023-01-22,The Lord of the Rings: The Return of the King,2003,https://boxd.it/3KbFKf,4.5,,"alamo drafthouse, peter jackson, theatre, extended edition",2023-01-21
